{
  "project_info": {
    "project_number": "1013715455090",
    "firebase_url": "https://shutdown-cc825.firebaseio.com",
    "project_id": "shutdown-cc825",
    "storage_bucket": "shutdown-cc825.appspot.com"
  },
  "client": [
    {
      "client_info": {
        "mobilesdk_app_id": "1:1013715455090:android:3856da94a681383a83c6eb",
        "android_client_info": {
          "package_name": "com.example.shutdown"
        }
      },
      "oauth_client": [
        {
          "client_id": "1013715455090-paqp5oa7oagrb04qt23iklnefgjcgg2s.apps.googleusercontent.com",
          "client_type": 1,
          "android_info": {
            "package_name": "com.example.shutdown",
            "certificate_hash": "4aff243bf110174b7270d8be7c3e454a1d89aadc"
          }
        },
        {
          "client_id": "1013715455090-rp4hohdlj0l2jcgbtgmd2afqvl1l4en4.apps.googleusercontent.com",
          "client_type": 3
        }
      ],
      "api_key": [
        {
          "current_key": "AIzaSyAqNUafN4kRd0CcQIfOCRTBeUzZwRgu7ZU"
        }
      ],
      "services": {
        "appinvite_service": {
          "other_platform_oauth_client": [
            {
              "client_id": "1013715455090-rp4hohdlj0l2jcgbtgmd2afqvl1l4en4.apps.googleusercontent.com",
              "client_type": 3
            }
          ]
        }
      }
    }
  ],
  "configuration_version": "1"
}